Date,Type,Pair,Stock_A,Stock_B,Signal,Zscore,Price_A,Price_B,Qty_A,Qty_B,Fee,Reason,PnL,PnL_Pct
2023-02-23,ENTRY,BHP.AX-RIO.AX,BHP.AX,RIO.AX,long,-2.8739735625476976,40.090797424316406,105.48680114746094,12.471690066626945,-1.6245170569930698,0.6713651077516865,,,
2023-03-02,EXIT,BHP.AX-RIO.AX,BHP.AX,RIO.AX,,,41.258575439453125,106.3758316040039,,,0.6873735183639328,mean_reversion,-330.96903379892285,-0.4929792001066226
2023-03-07,ENTRY,CMM.AX-GMD.AX,CMM.AX,GMD.AX,short,2.198070563762217,3.9200000762939453,1.0049999952316284,-127.55101792567082,346.36515496540716,0.8480969790886365,,,
2023-03-08,EXIT,CMM.AX-GMD.AX,CMM.AX,GMD.AX,,,3.7200000286102295,1.0199999809265137,,,0.8277822417910836,mean_reversion,-970.9701971839512,-1.1448810939373397
2023-03-13,ENTRY,EVN.AX-CMM.AX,EVN.AX,CMM.AX,long,-3.9713402394117825,2.664170742034912,4.360000133514404,187.675659112635,-127.51978333868645,1.0559862723824007,,,
2023-03-13,ENTRY,CMM.AX-GMD.AX,CMM.AX,GMD.AX,short,3.261723372276472,4.360000133514404,1.0149999856948853,-114.67889557080632,342.9526935907528,0.8480969790886365,,,
2023-03-14,EXIT,EVN.AX-CMM.AX,EVN.AX,CMM.AX,,,2.673685312271118,4.480000019073486,,,1.0730742850298156,stop_loss,-1127.6183114891217,-1.067834252186927
2023-03-15,ENTRY,EVN.AX-CMM.AX,EVN.AX,CMM.AX,long,-2.778225810606444,2.5880515575408936,4.5,193.19553296499564,-123.55250497386686,1.0559862723824007,,,
2023-03-16,ENTRY,BHP.AX-RIO.AX,BHP.AX,RIO.AX,long,-2.1169854233491883,38.35532760620117,100.70832061767578,13.035998678816174,-1.7015983058862498,0.6713651077516865,,,
2023-03-20,ENTRY,MGR.AX-VCX.AX,MGR.AX,VCX.AX,long,-2.357381190619057,1.8716493844985962,1.7028286457061768,267.1440517337851,-107.17405368192559,0.6824990486860345,,,
2023-03-28,EXIT,BHP.AX-RIO.AX,BHP.AX,RIO.AX,,,39.24813461303711,100.4537582397461,,,0.68257057580221,mean_reversion,-332.01235731434815,-0.4945332330811977
2023-03-30,EXIT,EVN.AX-CMM.AX,EVN.AX,CMM.AX,,,2.8830132484436035,4.579999923706055,,,1.1228557444322076,mean_reversion,-1067.050296675012,-1.0104774319344605
2023-03-30,EXIT,CMM.AX-GMD.AX,CMM.AX,GMD.AX,,,4.579999923706055,1.059999942779541,,,0.888759168547275,mean_reversion,-1011.5333326189724,-1.1927095103038385
2023-04-03,EXIT,MGR.AX-VCX.AX,MGR.AX,VCX.AX,,,1.8805197477340698,1.733236312866211,,,0.6881276264136609,mean_reversion,-367.2579722246454,-0.5381076690607852
2023-04-11,ENTRY,EVN.AX-CMM.AX,EVN.AX,CMM.AX,short,2.0823182595561445,3.339728355407715,4.760000228881836,-149.71277504962222,116.803833119354,1.0559862723824007,,,
2023-04-17,ENTRY,CMM.AX-GMD.AX,CMM.AX,GMD.AX,long,-2.0244320127947195,4.849999904632568,1.2100000381469727,103.09278553230807,-287.6834447226314,0.8480969790886365,,,
2023-04-20,EXIT,CMM.AX-GMD.AX,CMM.AX,GMD.AX,,,4.340000152587891,1.3700000047683716,,,0.8415490255827143,stop_loss,-796.4902407941667,-0.9391499562350448
2023-04-21,ENTRY,CMM.AX-GMD.AX,CMM.AX,GMD.AX,long,-2.354309221304822,4.449999809265137,1.3650000095367432,112.35955537772683,-255.0161001147351,0.8480969790886366,,,
2023-05-05,EXIT,CMM.AX-GMD.AX,CMM.AX,GMD.AX,,,4.579999923706055,1.2699999809265137,,,0.8384771973393026,mean_reversion,-659.0472404890968,-0.7770894800230367
2023-05-23,EXIT,EVN.AX-CMM.AX,EVN.AX,CMM.AX,,,3.491966485977173,4.21999979019165,,,1.0157041442531747,mean_reversion,-1087.9378045377023,-1.0302575260597053
2023-05-24,ENTRY,BHP.AX-RIO.AX,BHP.AX,RIO.AX,long,-2.4209674878207452,37.85146713256836,93.97570037841797,13.209527605596755,-1.823504449146317,0.6713651077516865,,,
2023-05-30,ENTRY,EVN.AX-CMM.AX,EVN.AX,CMM.AX,long,-2.154470330787384,3.2350645065307617,4.28000020980835,154.55642352436215,-129.90332830084063,1.0559862723824007,,,
2023-06-05,EXIT,EVN.AX-CMM.AX,EVN.AX,CMM.AX,,,3.4634220600128174,4.289999961853027,,,1.0925794002061475,mean_reversion,-1080.1259847592173,-1.0228598732844842
2023-06-05,EXIT,BHP.AX-RIO.AX,BHP.AX,RIO.AX,,,38.89455032348633,97.95207977294922,,,0.6923946894744727,mean_reversion,-337.56628461265564,-0.5028058216238267
2023-06-14,ENTRY,MGR.AX-VCX.AX,MGR.AX,VCX.AX,long,-2.474420532377785,1.9337421655654907,1.6159497499465942,258.56601200697474,-112.93609141748739,0.6824990486860345,,,
2023-06-14,ENTRY,BHP.AX-RIO.AX,BHP.AX,RIO.AX,short,2.185118590177249,40.57408905029297,101.95478057861328,-12.32313557009827,1.6807952190094073,0.6713651077516863,,,
2023-06-14,ENTRY,CMM.AX-GMD.AX,CMM.AX,GMD.AX,long,-2.5403782759581444,4.210000038146973,1.2999999523162842,118.76484452956787,-267.76691681289077,0.8480969790886365,,,
2023-06-19,EXIT,MGR.AX-VCX.AX,MGR.AX,VCX.AX,,,2.013575315475464,1.633325457572937,,,0.7051035323891435,mean_reversion,-347.70590525989957,-0.5094599119651703
2023-06-21,EXIT,CMM.AX-GMD.AX,CMM.AX,GMD.AX,,,4.28000020980835,1.2699999809265137,,,0.8483775387495291,mean_reversion,-681.5438733471908,-0.8036154946331453
2023-06-23,EXIT,BHP.AX-RIO.AX,BHP.AX,RIO.AX,,,39.4249267578125,99.30386352539062,,,0.6527481763203575,mean_reversion,-991.6184792708374,-1.4770181944540395
2023-07-07,ENTRY,BHP.AX-RIO.AX,BHP.AX,RIO.AX,long,-2.413081739399563,38.187374114990234,98.09252166748047,13.093332851177317,-1.7469742324760438,0.6713651077516863,,,
2023-07-11,ENTRY,CMM.AX-GMD.AX,CMM.AX,GMD.AX,short,2.1191014854387333,4.389999866485596,1.2100000381469727,-113.8952198648411,287.6834447226314,0.8480969790886366,,,
2023-07-12,ENTRY,EVN.AX-CMM.AX,EVN.AX,CMM.AX,long,-3.0229870183329486,3.244579315185547,4.570000171661377,154.1031830104627,-121.66001126872555,1.0559862723824007,,,
2023-07-14,EXIT,BHP.AX-RIO.AX,BHP.AX,RIO.AX,,,40.23817825317383,104.47401428222656,,,0.7093652721081936,mean_reversion,-328.4073878521206,-0.48916362208919956
2023-07-17,EXIT,EVN.AX-CMM.AX,EVN.AX,CMM.AX,,,3.6156601905822754,4.739999771118164,,,1.133853169620937,mean_reversion,-1077.6597933394517,-1.0205244343831794
2023-07-20,EXIT,CMM.AX-GMD.AX,CMM.AX,GMD.AX,,,4.739999771118164,1.440000057220459,,,0.9541274929527679,mean_reversion,-975.4983427895097,-1.1502202776830763
2023-07-26,ENTRY,BHP.AX-RIO.AX,BHP.AX,RIO.AX,short,2.1705673986447183,41.44037628173828,106.04524993896484,-12.065527508743623,1.6159621279625151,0.6713651077516865,,,
2023-07-28,ENTRY,EVN.AX-CMM.AX,EVN.AX,CMM.AX,short,2.1813844080106435,3.501481533050537,4.429999828338623,-142.79669770652578,125.50480675546925,1.0559862723824007,,,
2023-08-02,ENTRY,CMM.AX-GMD.AX,CMM.AX,GMD.AX,long,-2.107645145202958,4.210000038146973,1.475000023841858,118.76484452956787,-235.99794810983522,0.8480969790886366,,,
2023-08-10,ENTRY,MGR.AX-VCX.AX,MGR.AX,VCX.AX,short,2.0717430506088728,2.1425673961639404,1.633325457572937,-233.36488779545587,111.73465021308213,0.6824990486860345,,,
2023-08-14,EXIT,MGR.AX-VCX.AX,MGR.AX,VCX.AX,,,2.0971739292144775,1.624637484550476,,,0.6709350597380009,mean_reversion,-991.7309404138413,-1.4530876523903562
2023-08-14,EXIT,BHP.AX-RIO.AX,BHP.AX,RIO.AX,,,39.55752182006836,95.7144546508789,,,0.6319533015121669,mean_reversion,-995.2798600443052,-1.4824718302346196
2023-08-15,EXIT,EVN.AX-CMM.AX,EVN.AX,CMM.AX,,,3.4158473014831543,4.199999809265137,,,1.0148918789563703,mean_reversion,-1018.7087006204526,-0.9646988102621386
2023-08-16,ENTRY,MGR.AX-VCX.AX,MGR.AX,VCX.AX,short,2.6509028587478656,2.178881883621216,1.6463572978973389,-229.47549555509622,110.85020786138881,0.6824990486860345,,,
2023-08-16,ENTRY,BHP.AX-RIO.AX,BHP.AX,RIO.AX,long,-2.0022551546689464,38.10782241821289,93.13560485839844,13.12066573924819,-1.8399527013565498,0.6713651077516865,,,
2023-08-21,EXIT,MGR.AX-VCX.AX,MGR.AX,VCX.AX,,,2.07901668548584,1.591677188873291,,,0.6535211314040121,mean_reversion,-984.4807058004659,-1.4424645832046428
2023-08-24,EXIT,CMM.AX-GMD.AX,CMM.AX,GMD.AX,,,4.230000019073486,1.4700000286102295,,,0.849292285098745,mean_reversion,-694.3360642009054,-0.818698900386413
2023-08-30,EXIT,BHP.AX-RIO.AX,BHP.AX,RIO.AX,,,39.53984069824219,100.8452377319336,,,0.7043395007685722,mean_reversion,-339.50224675926387,-0.5056894420626242
2023-09-11,ENTRY,CMM.AX-GMD.AX,CMM.AX,GMD.AX,long,-2.215703328304312,4.159999847412109,1.6100000143051147,120.19231210093542,-216.20930186070657,0.8480969790886365,,,
2023-09-15,ENTRY,MGR.AX-VCX.AX,MGR.AX,VCX.AX,long,-2.137253971516966,2.060859203338623,1.6186548471450806,242.61725361441114,-112.74735253653307,0.6824990486860345,,,
2023-09-15,ENTRY,BHP.AX-RIO.AX,BHP.AX,RIO.AX,short,2.25797663125999,41.5056266784668,106.84761047363281,-12.046559467066208,1.603827235743141,0.6713651077516863,,,
2023-09-15,EXIT,CMM.AX-GMD.AX,CMM.AX,GMD.AX,,,4.409999847412109,1.6399999856948853,,,0.8846313299838937,mean_reversion,-674.364881331135,-0.7951506702167557
2023-09-20,EXIT,BHP.AX-RIO.AX,BHP.AX,RIO.AX,,,40.56066131591797,105.15830993652344,,,0.6572721801066526,mean_reversion,-992.6544020643677,-1.4785612040349208
2023-10-12,EXIT,MGR.AX-VCX.AX,MGR.AX,VCX.AX,,,1.9428366422653198,1.605165958404541,,,0.6523439025597348,mean_reversion,-393.44641346130294,-0.5764790650166862
2023-10-12,ENTRY,CMM.AX-GMD.AX,CMM.AX,GMD.AX,short,2.2232700699698333,4.420000076293945,1.375,-113.12216999309126,253.16143933719013,0.8480969790886366,,,
2023-10-16,ENTRY,EVN.AX-CMM.AX,EVN.AX,CMM.AX,long,-2.1991614025334925,3.3295278549194336,4.449999809265137,150.1714422545652,-124.94074072201256,1.0559862723824007,,,
2023-10-17,ENTRY,BHP.AX-RIO.AX,BHP.AX,RIO.AX,short,2.000554812832012,41.40567398071289,105.23019409179688,-12.075639687278226,1.6284784916598858,0.6713651077516865,,,
2023-10-20,EXIT,BHP.AX-RIO.AX,BHP.AX,RIO.AX,,,40.369850158691406,102.99279022216797,,,0.6552133084186083,mean_reversion,-992.4619072407868,-1.4782744825157974
2023-10-25,EXIT,EVN.AX-CMM.AX,EVN.AX,CMM.AX,,,3.4634742736816406,4.590000152587891,,,1.0935929458688363,mean_reversion,-1111.498943688779,-1.0525695009094547
2023-10-25,ENTRY,MGR.AX-VCX.AX,MGR.AX,VCX.AX,long,-2.457467151731464,1.765802264213562,1.5467146635055542,283.1574124312757,-117.9914130201683,0.6824990486860345,,,
2023-11-03,EXIT,CMM.AX-GMD.AX,CMM.AX,GMD.AX,,,4.590000152587891,1.4450000524520874,,,0.8850490706504479,mean_reversion,-1003.242609546652,-1.1829338321953873
2023-11-07,EXIT,MGR.AX-VCX.AX,MGR.AX,VCX.AX,,,1.7839596271514893,1.6186548471450806,,,0.6961287645126717,mean_reversion,-369.72365719974664,-0.541720399334693
2023-11-10,ENTRY,EVN.AX-CMM.AX,EVN.AX,CMM.AX,short,2.253423131692752,3.5208802223205566,4.579999923706055,-142.00994309044057,121.39438463844047,1.0559862723824007,,,
2023-11-15,ENTRY,BHP.AX-RIO.AX,BHP.AX,RIO.AX,short,2.7708045773313614,42.55961608886719,110.06443786621094,-11.748226275255119,1.5569525550113619,0.6713651077516865,,,
2023-11-15,ENTRY,CMM.AX-GMD.AX,CMM.AX,GMD.AX,long,-2.36560594671676,4.539999961853027,1.534999966621399,110.13215951568469,-226.77328121043087,0.8480969790886366,,,
2023-11-27,EXIT,BHP.AX-RIO.AX,BHP.AX,RIO.AX,,,42.26885986328125,112.49055480957031,,,0.6717265867962834,mean_reversion,-994.1498727917055,-1.4807887114076912
2023-12-05,EXIT,EVN.AX-CMM.AX,EVN.AX,CMM.AX,,,3.9609897136688232,4.449999809265137,,,1.1027049123068489,stop_loss,-1080.4398989001013,-1.0231571443277676
2023-12-12,EXIT,CMM.AX-GMD.AX,CMM.AX,GMD.AX,,,4.309999942779541,1.6649999618530273,,,0.8522471057754415,mean_reversion,-752.7052265273654,-0.887522588909845
2023-12-15,ENTRY,BHP.AX-RIO.AX,BHP.AX,RIO.AX,short,2.7296712854992173,44.8947639465332,119.38248443603516,-11.137156230411815,1.4354292303533305,0.6713651077516865,,,
2024-01-04,EXIT,BHP.AX-RIO.AX,BHP.AX,RIO.AX,,,45.049232482910156,120.85613250732422,,,0.6752007654907817,mean_reversion,-1000.9515885787736,-1.490919884011889
2024-01-15,ENTRY,BHP.AX-RIO.AX,BHP.AX,RIO.AX,long,-2.1122160946805115,42.950321197509766,115.5636215209961,11.641356480216258,-1.4828637723208775,0.6713651077516865,,,
2024-01-17,ENTRY,EVN.AX-CMM.AX,EVN.AX,CMM.AX,long,-3.6459216502486127,2.965958595275879,4.320000171661377,168.57956169596915,-128.70052090034542,1.0559862723824007,,,
2024-01-22,ENTRY,MGR.AX-VCX.AX,MGR.AX,VCX.AX,short,2.1337496416363217,1.9573447704315186,1.7535427808761597,-255.44809864527312,104.07447749569509,0.6824990486860345,,,
2024-01-25,ENTRY,CMM.AX-GMD.AX,CMM.AX,GMD.AX,short,2.4442629609205038,4.510000228881836,1.565000057220459,-110.86473938471727,222.42617658869554,0.8480969790886363,,,
2024-02-02,EXIT,BHP.AX-RIO.AX,BHP.AX,RIO.AX,,,43.259254455566406,118.60973358154297,,,0.6794784791583331,mean_reversion,-345.0016261256655,-0.5138807813248303
2024-02-06,EXIT,CMM.AX-GMD.AX,CMM.AX,GMD.AX,,,4.340000152587891,1.5850000381469727,,,0.8336984842242573,opposite_signal,-978.3862620202711,-1.153625453390535
2024-02-07,EXIT,EVN.AX-CMM.AX,EVN.AX,CMM.AX,,,2.9755263328552246,4.329999923706055,,,1.0588861706869734,mean_reversion,-1113.761465497347,-1.0547120683535025
2024-02-15,ENTRY,BHP.AX-RIO.AX,BHP.AX,RIO.AX,long,-2.2516536918032664,41.04222869873047,114.46737670898438,12.182574286358532,-1.4970650387783038,0.6713651077516865,,,
2024-02-21,EXIT,MGR.AX-VCX.AX,MGR.AX,VCX.AX,,,2.0593864917755127,1.8472423553466797,,,0.718317146640437,mean_reversion,-1017.7154456405523,-1.491160240589178
2024-02-26,ENTRY,EVN.AX-CMM.AX,EVN.AX,CMM.AX,long,-2.278962111382799,2.8511476516723633,4.539999961853027,175.36797847236042,-122.46393767709897,1.0559862723824007,,,
2024-02-27,EXIT,EVN.AX-CMM.AX,EVN.AX,CMM.AX,,,2.793353796005249,4.71999979019165,,,1.0678945685054853,stop_loss,-1146.2751050017043,-1.085501899958987
2024-02-27,ENTRY,CMM.AX-GMD.AX,CMM.AX,GMD.AX,short,2.7124154848347954,4.71999979019165,1.5700000524520874,-105.93220809861478,221.7178136682002,0.8480969790886365,,,
2024-02-28,ENTRY,EVN.AX-CMM.AX,EVN.AX,CMM.AX,long,-2.5980906335692326,2.7740895748138428,4.739999771118164,180.2393133010324,-117.29668760115655,1.0559862723824007,,,
2024-03-01,EXIT,BHP.AX-RIO.AX,BHP.AX,RIO.AX,,,40.81507110595703,112.20301055908203,,,0.6652078401050018,mean_reversion,-343.4442493018904,-0.511561064667242
2024-03-06,ENTRY,MGR.AX-VCX.AX,MGR.AX,VCX.AX,long,-2.0107824381378605,1.985174536705017,1.8611313104629517,251.86702264975528,-98.0581260763585,0.6824990486860345,,,
2024-03-06,EXIT,CMM.AX-GMD.AX,CMM.AX,GMD.AX,,,5.170000076293945,1.8550000190734863,,,0.9589560725352676,mean_reversion,-986.2870075086418,-1.1629413048593855
2024-03-11,EXIT,EVN.AX-CMM.AX,EVN.AX,CMM.AX,,,3.10158634185791,5.0,,,1.1455112304061135,mean_reversion,-1085.6434154906412,-1.028084780914179
2024-03-13,ENTRY,BHP.AX-RIO.AX,BHP.AX,RIO.AX,long,-2.3742420597883145,39.08247756958008,108.53434753417969,12.793457096209682,-1.578902086251728,0.6713651077516865,,,
2024-03-14,EXIT,BHP.AX-RIO.AX,BHP.AX,RIO.AX,,,40.116607666015625,110.6131591796875,,,0.6878774468163503,mean_reversion,-334.1415990813102,-0.4977047439958661
2024-03-15,ENTRY,CMM.AX-GMD.AX,CMM.AX,GMD.AX,long,-2.0526156760250713,4.789999961853027,1.9199999570846558,104.38413444299347,-181.30051399438042,0.8480969790886365,,,
2024-03-21,EXIT,MGR.AX-VCX.AX,MGR.AX,VCX.AX,,,2.0408334732055664,1.9166874885559082,,,0.7019654340220393,mean_reversion,-357.8116459502916,-0.5242668786706153
2024-03-22,EXIT,CMM.AX-GMD.AX,CMM.AX,GMD.AX,,,4.940000057220459,1.7999999523162842,,,0.8419985466660984,mean_reversion,-660.4703610378979,-0.7787674963158555
2024-03-25,ENTRY,MGR.AX-VCX.AX,MGR.AX,VCX.AX,short,2.2695931017337463,2.1150455474853516,1.9537248611450195,-236.4015283710872,93.41082376311536,0.6824990486860345,,,
2024-04-02,ENTRY,BHP.AX-RIO.AX,BHP.AX,RIO.AX,short,2.4084702873460335,42.045108795166016,113.76848602294922,-11.891989682697305,1.506261652432633,0.6713651077516865,,,
2024-04-05,ENTRY,EVN.AX-CMM.AX,EVN.AX,CMM.AX,short,2.263712615937952,3.756579637527466,5.190000057220459,-133.09980041554337,107.12644821822279,1.0559862723824007,,,
2024-04-11,EXIT,MGR.AX-VCX.AX,MGR.AX,VCX.AX,,,2.0872159004211426,1.8194643259048462,,,0.6633786903903661,mean_reversion,-1007.3082938347309,-1.4759116452602064
2024-04-15,EXIT,BHP.AX-RIO.AX,BHP.AX,RIO.AX,,,42.641361236572266,123.01178741455078,,,0.6923785660612193,mean_reversion,-994.5315411272525,-1.4813572073440158
2024-04-26,ENTRY,BHP.AX-RIO.AX,BHP.AX,RIO.AX,long,-3.338562726950535,40.20045471191406,121.43412017822266,12.437670259779843,-1.4111775792518824,0.6713651077516865,,,
2024-05-03,EXIT,EVN.AX-CMM.AX,EVN.AX,CMM.AX,,,3.5928311347961426,4.760000228881836,,,0.9881270250061555,mean_reversion,-1026.3135746098674,-0.9719004890986044
2024-05-06,ENTRY,CMM.AX-GMD.AX,CMM.AX,GMD.AX,long,-2.6359594489163425,4.690000057220459,1.7100000381469727,106.60980680164988,-203.56548030598222,0.8480969790886365,,,
2024-05-13,EXIT,BHP.AX-RIO.AX,BHP.AX,RIO.AX,,,40.29361343383789,119.75434875488281,,,0.6701533294459123,mean_reversion,-340.54260070457417,-0.5072390518551174
2024-05-21,ENTRY,MGR.AX-VCX.AX,MGR.AX,VCX.AX,long,-2.4418832929165566,1.892409086227417,1.8148345947265625,264.2134851491161,-100.5596042836792,0.6824990486860345,,,
2024-05-22,EXIT,CMM.AX-GMD.AX,CMM.AX,GMD.AX,,,4.909999847412109,1.8899999856948853,,,0.9081928899950142,mean_reversion,-711.1378886952635,-0.8385101070156518
2024-05-27,ENTRY,EVN.AX-CMM.AX,EVN.AX,CMM.AX,short,2.0338527744160593,3.7854762077331543,4.659999847412109,-132.08377825188168,119.31036278706382,1.0559862723824007,,,
2024-05-29,EXIT,EVN.AX-CMM.AX,EVN.AX,CMM.AX,,,3.7951085567474365,4.789999961853027,,,1.0727689102499538,mean_reversion,-987.8906714175736,-0.9355146911037041
2024-06-05,EXIT,MGR.AX-VCX.AX,MGR.AX,VCX.AX,,,1.8738561868667603,1.8009456396102905,,,0.6762004546559284,mean_reversion,-369.86205524470483,-0.5419231806355967
2024-06-06,ENTRY,CMM.AX-GMD.AX,CMM.AX,GMD.AX,long,-2.792849947246925,4.679999828338623,1.9199999570846558,106.83761075638705,-181.30051399438042,0.8480969790886365,,,
2024-06-14,EXIT,CMM.AX-GMD.AX,CMM.AX,GMD.AX,,,4.460000038146973,1.725000023841858,,,0.789239139011865,mean_reversion,-685.9819581205667,-0.8088484867116514
2024-06-17,ENTRY,EVN.AX-CMM.AX,EVN.AX,CMM.AX,long,-3.2795117307557136,3.448347330093384,4.659999847412109,144.9969948318575,-119.31036278706382,1.0559862723824007,,,
2024-06-20,ENTRY,CMM.AX-GMD.AX,CMM.AX,GMD.AX,short,2.0346212203718212,4.860000133514404,1.809999942779541,-102.88065560986637,192.31877905701947,0.8480969790886365,,,
2024-07-04,ENTRY,BHP.AX-RIO.AX,BHP.AX,RIO.AX,short,2.6098113642893277,41.709716796875,115.32759857177734,-11.987614359382592,1.4858985175611068,0.6713651077516865,,,
2024-07-09,EXIT,EVN.AX-CMM.AX,EVN.AX,CMM.AX,,,3.5831990242004395,5.070000171661377,,,1.124456650204903,mean_reversion,-1143.5171847228748,-1.0828901990771114
2024-07-10,EXIT,BHP.AX-RIO.AX,BHP.AX,RIO.AX,,,40.219085693359375,110.78021240234375,,,0.6467390425627009,mean_reversion,-990.2059476972075,-1.4749142251572729
2024-07-12,ENTRY,MGR.AX-VCX.AX,MGR.AX,VCX.AX,short,2.598028496219099,1.9245661497116089,1.8611313104629517,-259.7988123582677,98.0581260763585,0.6824990486860345,,,
2024-07-12,EXIT,CMM.AX-GMD.AX,CMM.AX,GMD.AX,,,5.349999904632568,2.069999933242798,,,0.9485113575106879,mean_reversion,-1002.2052253171903,-1.1817106416227992
2024-07-22,ENTRY,BHP.AX-RIO.AX,BHP.AX,RIO.AX,long,-2.1653375696583743,38.793670654296875,106.21424865722656,12.888700439194425,-1.6133909519495255,0.6713651077516863,,,
2024-07-25,EXIT,MGR.AX-VCX.AX,MGR.AX,VCX.AX,,,1.9245661497116089,1.8472423553466797,,,0.6811371237741741,mean_reversion,-1002.7255610843206,-1.4691970091603714
2024-08-05,ENTRY,EVN.AX-CMM.AX,EVN.AX,CMM.AX,long,-2.061705601365078,3.7854762077331543,5.510000228881836,132.08377825188168,-100.90494542415456,1.0559862723824007,,,
2024-08-06,ENTRY,CMM.AX-GMD.AX,CMM.AX,GMD.AX,short,2.2867810131923965,5.510000228881836,2.0199999809265137,-90.7440978639427,172.32523879974235,0.8480969790886366,,,
2024-08-08,ENTRY,MGR.AX-VCX.AX,MGR.AX,VCX.AX,long,-3.282476036669329,1.8383914232254028,1.8889093399047852,271.9768998501771,-96.61609735871906,0.6824990486860345,,,
2024-08-16,EXIT,EVN.AX-CMM.AX,EVN.AX,CMM.AX,,,3.9492244720458984,5.869999885559082,,,1.1139405075247477,mean_reversion,-1128.8397278218258,-1.0689909114775338
2024-08-21,EXIT,BHP.AX-RIO.AX,BHP.AX,RIO.AX,,,38.08562469482422,106.35107421875,,,0.6624600686058186,mean_reversion,-353.41058607151257,-0.5264059481062968
2024-08-26,EXIT,MGR.AX-VCX.AX,MGR.AX,VCX.AX,,,1.9341410398483276,2.064138889312744,,,0.7254707277827044,mean_reversion,-357.29437846331547,-0.5235089765343823
2024-08-26,EXIT,CMM.AX-GMD.AX,CMM.AX,GMD.AX,,,5.960000038146973,2.200000047683716,,,0.9199503603072521,mean_reversion,-1011.5843195822026,-1.1927696295643562
2024-09-02,ENTRY,CMM.AX-GMD.AX,CMM.AX,GMD.AX,long,-2.3615670334313865,5.769999980926514,2.200000047683716,86.65511293809621,-158.2258961562899,0.8480969790886366,,,
2024-09-04,ENTRY,BHP.AX-RIO.AX,BHP.AX,RIO.AX,long,-2.2178958358920764,35.99873733520508,100.41259765625,13.889376045170991,-1.7066096461156544,0.6713651077516865,,,
2024-09-06,ENTRY,MGR.AX-VCX.AX,MGR.AX,VCX.AX,short,2.5004626295960874,2.068190336227417,2.1592605113983154,-241.75724605311197,84.51923597113804,0.6824990486860345,,,
2024-09-11,EXIT,CMM.AX-GMD.AX,CMM.AX,GMD.AX,,,5.599999904632568,2.109999895095825,,,0.819125248480478,mean_reversion,-698.352201418157,-0.8234343696974431
2024-09-12,EXIT,BHP.AX-RIO.AX,BHP.AX,RIO.AX,,,37.20691680908203,104.90684509277344,,,0.6958158928216217,mean_reversion,-334.98646348841373,-0.4989631716343428
2024-09-13,ENTRY,EVN.AX-CMM.AX,EVN.AX,CMM.AX,long,-2.7499248236289855,4.210204601287842,6.25,118.75907404762636,-88.95780358118414,1.0559862723824007,,,
2024-09-13,ENTRY,CMM.AX-GMD.AX,CMM.AX,GMD.AX,short,2.1416325229968685,6.25,2.200000047683716,-80.0,158.2258961562899,0.8480969790886366,,,
2024-09-16,EXIT,EVN.AX-CMM.AX,EVN.AX,CMM.AX,,,4.385629177093506,6.230000019073486,,,1.075040378195391,mean_reversion,-1091.491156852613,-1.0336224867678534
2024-09-19,ENTRY,EVN.AX-CMM.AX,EVN.AX,CMM.AX,long,-2.2676687526368746,4.28817081451416,6.349999904632568,116.59983280228748,-87.55689460353969,1.0559862723824007,,,
2024-09-24,EXIT,EVN.AX-CMM.AX,EVN.AX,CMM.AX,,,4.327154636383057,6.199999809265137,,,1.0473982369537012,mean_reversion,-1096.3968796216232,-1.0382681179633637
2024-09-25,ENTRY,EVN.AX-CMM.AX,EVN.AX,CMM.AX,short,2.4732205136701344,4.405121326446533,5.96999979019165,-113.50425174403394,93.1300321477151,1.0559862723824007,,,
2024-09-25,ENTRY,BHP.AX-RIO.AX,BHP.AX,RIO.AX,short,2.4191338790478647,40.93623733520508,114.82647705078125,-12.21411718682804,1.492383221649318,0.6713651077516865,,,
2024-09-25,EXIT,CMM.AX-GMD.AX,CMM.AX,GMD.AX,,,5.96999979019165,2.0999999046325684,,,0.8098743500539436,mean_reversion,-995.0805667944996,-1.1733098823955386
2024-09-26,EXIT,MGR.AX-VCX.AX,MGR.AX,VCX.AX,,,2.0969152450561523,2.1973090171813965,,,0.6926593341762257,mean_reversion,-1005.1037825957948,-1.4726815876605948
2024-10-11,EXIT,EVN.AX-CMM.AX,EVN.AX,CMM.AX,,,4.453850269317627,5.909999847412109,,,1.0559294179813423,mean_reversion,-1013.2306544891446,-0.9595111991401217
2024-10-11,EXIT,BHP.AX-RIO.AX,BHP.AX,RIO.AX,,,41.636085510253906,113.61978149414062,,,0.6781122831723513,mean_reversion,-1011.6983572163275,-1.5069272226618575
2024-10-24,ENTRY,CMM.AX-GMD.AX,CMM.AX,GMD.AX,long,-2.170747853465919,6.309999942779541,2.490000009536743,79.2393034126956,-139.79798303430482,0.8480969790886365,,,
2024-11-01,EXIT,CMM.AX-GMD.AX,CMM.AX,GMD.AX,,,6.5,2.3399999141693115,,,0.8421827404838376,opposite_signal,-661.8590549270036,-0.7804049197749015
2024-11-07,ENTRY,MGR.AX-VCX.AX,MGR.AX,VCX.AX,long,-2.196911632387188,1.9915907382965088,1.9785292148590088,251.05559610488598,-92.23975431620778,0.6824990486860345,,,
2024-11-11,ENTRY,EVN.AX-CMM.AX,EVN.AX,CMM.AX,long,-2.0040085386360724,4.746225357055664,6.409999847412109,105.34687301704034,-86.73733004952685,1.0559862723824007,,,
2024-11-11,ENTRY,BHP.AX-RIO.AX,BHP.AX,RIO.AX,long,-2.5409904517507043,39.910430908203125,113.5152587890625,12.528053158584935,-1.5096217863549273,0.6713651077516865,,,
2024-11-12,EXIT,MGR.AX-VCX.AX,MGR.AX,VCX.AX,,,2.0490407943725586,2.026090145111084,,,0.7013092152819679,mean_reversion,-356.34575608310695,-0.522119051695608
2024-11-22,EXIT,EVN.AX-CMM.AX,EVN.AX,CMM.AX,,,4.941142559051514,6.519999980926514,,,1.0860613079960253,mean_reversion,-1103.1217925038175,-1.0446364894640863
2024-11-29,EXIT,BHP.AX-RIO.AX,BHP.AX,RIO.AX,,,38.89421844482422,112.34656524658203,,,0.6568696587567581,mean_reversion,-355.02532879820797,-0.5288111114191519
2024-12-05,ENTRY,EVN.AX-CMM.AX,EVN.AX,CMM.AX,long,-2.4366733897334605,5.01910924911499,6.980000019073486,99.61927011016228,-79.65419353339796,1.0559862723824007,,,
2024-12-10,EXIT,EVN.AX-CMM.AX,EVN.AX,CMM.AX,,,5.155550956726074,6.929999828338623,,,1.0655957708376995,mean_reversion,-1096.51917861372,-1.0383839329084017
2024-12-11,ENTRY,BHP.AX-RIO.AX,BHP.AX,RIO.AX,short,2.516156187394839,40.2651481628418,117.6389389038086,-12.417686828765204,1.4567039566024034,0.6713651077516863,,,
2024-12-12,ENTRY,MGR.AX-VCX.AX,MGR.AX,VCX.AX,long,-2.571573146832068,1.9341410398483276,1.9499928951263428,258.5126884227684,-93.5895967324589,0.6824990486860345,,,
2024-12-16,EXIT,BHP.AX-RIO.AX,BHP.AX,RIO.AX,,,38.68330001831055,112.72663116455078,,,0.6445664347624086,opposite_signal,-988.8288147928872,-1.472862982266602
2025-01-15,EXIT,MGR.AX-VCX.AX,MGR.AX,VCX.AX,,,1.8518608808517456,2.035602569580078,,,0.6692407584884974,mean_reversion,-395.6324771938249,-0.5796820932651953
2025-01-21,ENTRY,MGR.AX-VCX.AX,MGR.AX,VCX.AX,short,2.1692268777592947,1.94004487991333,2.035602569580078,-257.72599653588276,89.6535755128674,0.6824990486860345,,,
2025-01-23,ENTRY,EVN.AX-CMM.AX,EVN.AX,CMM.AX,long,-2.744610613460054,5.516147136688232,7.599999904632568,90.64297735542067,-73.15608938935647,1.0559862723824007,,,
2025-01-23,ENTRY,CMM.AX-GMD.AX,CMM.AX,GMD.AX,short,2.270020820815042,7.599999904632568,3.049999952316284,-65.78947450975963,114.13015886255295,0.8480969790886363,,,
2025-02-03,EXIT,MGR.AX-VCX.AX,MGR.AX,VCX.AX,,,1.8763564825057983,2.064138889312744,,,0.6686432760924169,mean_reversion,-982.3786035391372,-1.4393845755982209
2025-02-11,EXIT,EVN.AX-CMM.AX,EVN.AX,CMM.AX,,,6.061914443969727,8.010000228881836,,,1.1354502664280908,opposite_signal,-1094.688027998811,-1.0366498662232566
2025-02-13,ENTRY,BHP.AX-RIO.AX,BHP.AX,RIO.AX,short,2.347914155355132,39.29686737060547,114.35140228271484,-12.723660521958196,1.4985833521132923,0.6713651077516865,,,
2025-02-13,EXIT,CMM.AX-GMD.AX,CMM.AX,GMD.AX,,,7.789999961853027,3.2200000286102295,,,0.8799991187240688,opposite_signal,-994.8259643050967,-1.1730096779428871
2025-02-14,ENTRY,MGR.AX-VCX.AX,MGR.AX,VCX.AX,short,2.906846689369147,2.0674214363098145,2.1497483253479004,-241.8471585998745,84.8932158867946,0.6824990486860345,,,
2025-02-17,EXIT,MGR.AX-VCX.AX,MGR.AX,VCX.AX,,,2.175201892852783,2.1782846450805664,,,0.7109879858052286,stop_loss,-1025.0373442503258,-1.5018883121137754
2025-02-18,ENTRY,MGR.AX-VCX.AX,MGR.AX,VCX.AX,short,2.242476956380913,2.1360089778900146,2.1497483253479004,-234.08141312866033,84.8932158867946,0.6824990486860345,,,
2025-02-20,EXIT,BHP.AX-RIO.AX,BHP.AX,RIO.AX,,,38.4915657043457,114.10436248779297,,,0.6607485130084505,mean_reversion,-991.4559383254831,-1.4767760893111332
2025-02-24,EXIT,MGR.AX-VCX.AX,MGR.AX,VCX.AX,,,2.018430471420288,2.119699239730835,,,0.6524251422255531,mean_reversion,-976.362944755411,-1.4305704112483837
2025-02-28,ENTRY,CMM.AX-GMD.AX,CMM.AX,GMD.AX,long,-2.4793849111406936,7.579999923706055,3.180000066757202,65.96306134994488,-109.46445653493572,0.8480969790886365,,,
2025-03-05,EXIT,CMM.AX-GMD.AX,CMM.AX,GMD.AX,,,7.820000171661377,3.1700000762939453,,,0.8628334866471004,mean_reversion,-680.9790940417148,-0.8029495574592115
2025-03-07,ENTRY,EVN.AX-CMM.AX,EVN.AX,CMM.AX,short,2.179483475369179,6.181112289428711,7.550000190734863,-80.89158982844049,73.64056401808979,1.0559862723824007,,,
2025-03-07,ENTRY,CMM.AX-GMD.AX,CMM.AX,GMD.AX,long,-2.0131936172691325,7.550000190734863,3.180000066757202,66.2251638898745,-109.46445653493572,0.8480969790886365,,,
2025-03-13,ENTRY,BHP.AX-RIO.AX,BHP.AX,RIO.AX,long,-2.3040557023128727,37.40876770019531,113.80512237548828,13.365850594361852,-1.505776753934545,0.6713651077516865,,,
2025-03-13,EXIT,CMM.AX-GMD.AX,CMM.AX,GMD.AX,,,7.840000152587891,3.2200000286102295,,,0.8716808481760703,mean_reversion,-683.0870150884233,-0.8054350291666732
2025-03-17,EXIT,EVN.AX-CMM.AX,EVN.AX,CMM.AX,,,6.644449234008789,8.220000267028809,,,1.1428055179661847,mean_reversion,-990.3396703532337,-0.9378338490318985
2025-03-17,EXIT,BHP.AX-RIO.AX,BHP.AX,RIO.AX,,,38.71963882446289,116.95465850830078,,,0.6936285136415759,mean_reversion,-331.3167998238085,-0.49349719846678497
2025-03-21,ENTRY,CMM.AX-GMD.AX,CMM.AX,GMD.AX,long,-2.2846372454363473,8.140000343322754,3.6500000953674316,61.425058834321824,-95.36903287494157,0.8480969790886365,,,
2025-03-27,ENTRY,EVN.AX-CMM.AX,EVN.AX,CMM.AX,short,2.207342016427047,6.871188640594482,7.989999771118164,-72.76761360414942,69.58526762317956,1.0559862723824007,,,
2025-03-31,ENTRY,BHP.AX-RIO.AX,BHP.AX,RIO.AX,long,-2.236270532390609,37.369632720947266,113.31454467773438,13.379847849554293,-1.5122957802023327,0.6713651077516865,,,
2025-04-03,EXIT,BHP.AX-RIO.AX,BHP.AX,RIO.AX,,,36.20549774169922,109.8314208984375,,,0.6505216454596505,stop_loss,-354.36053776191403,-0.5278209035149606
2025-04-04,EXIT,EVN.AX-CMM.AX,EVN.AX,CMM.AX,,,6.890904903411865,8.470000267028809,,,1.0908219407440152,opposite_signal,-970.1805506403384,-0.9187435253789078
2025-04-04,ENTRY,BHP.AX-RIO.AX,BHP.AX,RIO.AX,long,-2.679407472206171,36.019630432128906,110.57709503173828,13.881319547188035,-1.5497342166793266,0.6713651077516865,,,
2025-04-04,EXIT,CMM.AX-GMD.AX,CMM.AX,GMD.AX,,,8.470000267028809,3.569999933242798,,,0.8607377057259378,opposite_signal,-670.0029900414563,-0.7900075186701412
2025-04-07,ENTRY,MGR.AX-VCX.AX,MGR.AX,VCX.AX,long,-2.7446696444005436,2.008632183074951,2.109931230545044,248.92561426281932,-86.49525920278015,0.6824990486860345,,,
2025-04-07,EXIT,BHP.AX-RIO.AX,BHP.AX,RIO.AX,,,33.818538665771484,106.35810089111328,,,0.6342727300104983,stop_loss,-368.05159192293075,-0.5482137627847345
2025-04-08,ENTRY,BHP.AX-RIO.AX,BHP.AX,RIO.AX,long,-2.1435030974182783,34.61093521118164,107.41775512695312,14.446301348091474,-1.5953145506453401,0.6713651077516865,,,
2025-04-10,EXIT,MGR.AX-VCX.AX,MGR.AX,VCX.AX,,,2.11641263961792,2.1978447437286377,,,0.716932467146762,opposite_signal,-347.17231464765814,-0.5086780931285452
2025-04-15,ENTRY,CMM.AX-GMD.AX,CMM.AX,GMD.AX,short,2.064054516203502,9.619999885559082,4.050000190734863,-51.975052593354754,85.94986733209883,0.8480969790886366,,,
2025-04-17,EXIT,BHP.AX-RIO.AX,BHP.AX,RIO.AX,,,35.6870231628418,109.43894958496094,,,0.6901350395069632,mean_reversion,-331.7706657524419,-0.49417323289781667
2025-04-30,ENTRY,MGR.AX-VCX.AX,MGR.AX,VCX.AX,short,2.460339897142326,2.2339909076690674,2.305294990539551,-223.81469785017924,79.16516082973001,0.6824990486860345,,,
2025-05-08,EXIT,CMM.AX-GMD.AX,CMM.AX,GMD.AX,,,9.729999542236328,4.349999904632568,,,0.8795991526388628,opposite_signal,-981.659998463603,-1.1574855502002765
2025-05-13,ENTRY,EVN.AX-CMM.AX,EVN.AX,CMM.AX,short,2.7676126755444477,7.758429527282715,8.5,-64.44603231127347,65.41014969204716,1.0559862723824007,,,
2025-05-13,ENTRY,CMM.AX-GMD.AX,CMM.AX,GMD.AX,long,-2.2642957912700474,8.5,3.6700000762939453,58.8235294117647,-94.8493111313919,0.8480969790886365,,,
2025-05-15,EXIT,MGR.AX-VCX.AX,MGR.AX,VCX.AX,,,2.194798231124878,2.236917495727539,,,0.66831403625343,mean_reversion,-997.9920314001888,-1.4622614248643275
2025-05-27,ENTRY,MGR.AX-VCX.AX,MGR.AX,VCX.AX,long,-2.4262570363821636,2.184999942779541,2.3541362285614014,228.83295793772396,-77.52272212282232,0.6824990486860344,,,
2025-05-28,EXIT,MGR.AX-VCX.AX,MGR.AX,VCX.AX,,,2.253587245941162,2.3834407329559326,,,0.7004658490966037,mean_reversion,-352.95779176153064,-0.5171549944883506
2025-05-30,EXIT,EVN.AX-CMM.AX,EVN.AX,CMM.AX,,,8.724536895751953,9.760000228881836,,,1.2006648626501033,opposite_signal,-982.1016342363858,-0.9300325770529909
2025-06-04,EXIT,CMM.AX-GMD.AX,CMM.AX,GMD.AX,,,10.050000190734863,4.840000152587891,,,1.0502471621567264,mean_reversion,-717.8895217707418,-0.8464710280446756
2025-06-10,ENTRY,BHP.AX-RIO.AX,BHP.AX,RIO.AX,short,2.1608997429979775,37.64354705810547,107.06453704833984,-13.282489007431067,1.6005776747002112,0.6713651077516865,,,
2025-06-11,ENTRY,MGR.AX-VCX.AX,MGR.AX,VCX.AX,short,2.0351760370040917,2.341771364212036,2.4811224937438965,-213.51358533169227,73.55503371808621,0.6824990486860345,,,
2025-06-13,ENTRY,EVN.AX-CMM.AX,EVN.AX,CMM.AX,long,-2.3681144445884406,9.069574356079102,10.220000267028809,55.12937877452462,-54.40178648293117,1.0559862723824007,,,
2025-06-13,EXIT,BHP.AX-RIO.AX,BHP.AX,RIO.AX,,,36.52832794189453,104.37614440917969,,,0.6522492408606695,mean_reversion,-990.8137099357318,-1.4758194885251585
2025-06-16,EXIT,EVN.AX-CMM.AX,EVN.AX,CMM.AX,,,8.340065002441406,10.319999694824219,,,1.0212090224254908,stop_loss,-1159.7072850552015,-1.0982219327897103
2025-06-16,EXIT,MGR.AX-VCX.AX,MGR.AX,VCX.AX,,,2.2829818725585938,2.4615862369537354,,,0.6685097035163549,mean_reversion,-990.2356436363739,-1.450896738307258
2025-06-16,ENTRY,CMM.AX-GMD.AX,CMM.AX,GMD.AX,short,2.4422598130363466,10.319999694824219,4.78000020980835,-48.44961383581868,72.82363259615697,0.8480969790886366,,,
2025-06-17,ENTRY,EVN.AX-CMM.AX,EVN.AX,CMM.AX,long,-2.684159135927308,8.330206871032715,10.34000015258789,60.02251897713242,-53.77043173865417,1.0559862723824007,,,
2025-06-19,ENTRY,MGR.AX-VCX.AX,MGR.AX,VCX.AX,long,-2.157751290533018,2.2045962810516357,2.4615862369537354,226.7988947897028,-74.13879958635162,0.6824990486860345,,,
2025-06-19,ENTRY,BHP.AX-RIO.AX,BHP.AX,RIO.AX,long,-2.1114859973861337,35.34463119506836,101.59945678710938,14.146420067038783,-1.6866734643154968,0.6713651077516865,,,
2025-06-27,EXIT,BHP.AX-RIO.AX,BHP.AX,RIO.AX,,,36.714195251464844,106.9173583984375,,,0.6997090997358564,mean_reversion,-333.69642479402586,-0.4970416557862701
2025-06-27,EXIT,CMM.AX-GMD.AX,CMM.AX,GMD.AX,,,9.710000038146973,4.340000152587891,,,0.7865003287733312,mean_reversion,-1004.1227520111781,-1.1839716173617392
2025-06-30,EXIT,EVN.AX-CMM.AX,EVN.AX,CMM.AX,,,7.679563522338867,9.550000190734863,,,0.9744543806157216,mean_reversion,-1110.5775991397636,-1.0516970041989275
2025-07-02,EXIT,MGR.AX-VCX.AX,MGR.AX,VCX.AX,,,2.2699999809265137,2.4713544845581055,,,0.6980567416842645,mean_reversion,-352.26937246710963,-0.5161463201235343
2025-07-03,ENTRY,BHP.AX-RIO.AX,BHP.AX,RIO.AX,short,2.0161899314253953,38.41637420654297,108.17324829101562,-13.015283465112681,1.5841727086780955,0.6713651077516865,,,
2025-07-28,EXIT,BHP.AX-RIO.AX,BHP.AX,RIO.AX,,,39.42398452758789,114.74703979492188,,,0.6948934627954874,mean_reversion,-1004.0665714282918,-1.4955596587239675
2025-08-06,ENTRY,EVN.AX-CMM.AX,EVN.AX,CMM.AX,long,-3.480367319933653,7.364099979400635,9.770000457763672,67.8969597640763,-56.90749706573347,1.0559862723824007,,,
2025-08-06,ENTRY,CMM.AX-GMD.AX,CMM.AX,GMD.AX,short,2.546547580546793,9.770000457763672,3.9700000286102295,-51.177070273592264,87.6818580806142,0.8480969790886366,,,
2025-08-13,EXIT,EVN.AX-CMM.AX,EVN.AX,CMM.AX,,,7.876728057861328,9.630000114440918,,,1.082825091272741,opposite_signal,-1071.338398984434,-1.014538187667343
2025-08-13,EXIT,CMM.AX-GMD.AX,CMM.AX,GMD.AX,,,9.630000114440918,4.179999828338623,,,0.8593453443168233,opposite_signal,-976.1294622781076,-1.1509644372593504
2025-08-18,ENTRY,MGR.AX-VCX.AX,MGR.AX,VCX.AX,short,2.730193935754742,2.369999885559082,2.4713544845581055,-210.9704743222172,73.84575941102455,0.6824990486860345,,,
2025-08-29,EXIT,MGR.AX-VCX.AX,MGR.AX,VCX.AX,,,2.359999895095825,2.5899999141693115,,,0.6891508078050703,mean_reversion,-990.5004852749535,-1.4512847852050368
2025-09-24,ENTRY,MGR.AX-VCX.AX,MGR.AX,VCX.AX,long,-2.1234697956660833,2.2699999809265137,2.4800000190734863,220.26431903136938,-73.58832551711633,0.6824990486860345,,,
2025-09-30,ENTRY,CMM.AX-GMD.AX,CMM.AX,GMD.AX,short,2.0804176987037972,13.229999542236328,5.889999866485596,-37.79289624340249,59.099658230779646,0.8480969790886363,,,
2025-10-03,EXIT,MGR.AX-VCX.AX,MGR.AX,VCX.AX,,,2.309999942779541,2.5399999618530273,,,0.6957249083651414,mean_reversion,-361.9810522905515,-0.5303759074645557
2025-10-15,ENTRY,EVN.AX-CMM.AX,EVN.AX,CMM.AX,long,-2.472513498867093,11.09000015258789,14.100000381469727,45.08566213890658,-39.431649456767396,1.0559862723824007,,,
2025-10-15,EXIT,CMM.AX-GMD.AX,CMM.AX,GMD.AX,,,14.100000381469727,6.5,,,0.9170276299488886,mean_reversion,-998.594176646427,-1.1774528164450186
2025-10-16,ENTRY,MGR.AX-VCX.AX,MGR.AX,VCX.AX,short,2.9593253011457703,2.4000000953674316,2.5799999237060547,-208.33332505491077,70.73606747394113,0.6824990486860345,,,
2025-10-22,EXIT,EVN.AX-CMM.AX,EVN.AX,CMM.AX,,,10.399999618530273,12.949999809265137,,,0.9795307219899607,mean_reversion,-1099.7707732751073,-1.0414631345480703
2025-10-28,ENTRY,EVN.AX-CMM.AX,EVN.AX,CMM.AX,short,2.41511796321405,10.229999542236328,12.100000381469727,-48.87585751452512,45.94927726067294,1.0559862723824007,,,
2025-10-28,ENTRY,CMM.AX-GMD.AX,CMM.AX,GMD.AX,long,-2.646514604468564,12.100000381469727,5.71999979019165,41.32231274684204,-60.85611745747518,0.8480969790886365,,,
2025-10-29,EXIT,MGR.AX-VCX.AX,MGR.AX,VCX.AX,,,2.390000104904175,2.609999895095825,,,0.6825377974227499,mean_reversion,-997.1596255819379,-1.4610417809397631
2025-10-31,EXIT,CMM.AX-GMD.AX,CMM.AX,GMD.AX,,,12.850000381469727,5.840000152587891,,,0.8863914697976932,mean_reversion,-674.2394682149528,-0.795002794302474
2025-11-03,EXIT,EVN.AX-CMM.AX,EVN.AX,CMM.AX,,,10.59000015258789,12.930000305175781,,,1.111719507539793,mean_reversion,-981.6251476959002,-0.9295813528723862
2025-11-11,ENTRY,CMM.AX-GMD.AX,CMM.AX,GMD.AX,short,2.1678909142565113,14.239999771118164,6.199999809265137,-35.11236011492847,56.14467577377153,0.8480969790886365,,,
2025-11-18,ENTRY,BHP.AX-RIO.AX,BHP.AX,RIO.AX,long,-3.3927939965475202,40.900001525878906,129.0800018310547,12.224938419223088,-1.327588358543535,0.6713651077516863,,,
2025-11-18,EXIT,CMM.AX-GMD.AX,CMM.AX,GMD.AX,,,13.4399995803833,6.170000076293945,,,0.8183227590185752,mean_reversion,-975.2608502299804,-1.1499402477273224
